V1,V2
glmnet,glmnet
rf,glmnet
xgbTree,glmnet
lda2,glmnet
nnet,glmnet
glmboost,glmnet
lightgbm,glmnet
glmnet,svmLinear
rf,svmLinear
xgbTree,svmLinear
lda2,svmLinear
nnet,svmLinear
glmboost,svmLinear
lightgbm,svmLinear
glmnet,rf
rf,rf
xgbTree,rf
lda2,rf
nnet,rf
glmboost,rf
lightgbm,rf
glmnet,xgbTree
rf,xgbTree
xgbTree,xgbTree
lda2,xgbTree
nnet,xgbTree
glmboost,xgbTree
lightgbm,xgbTree
glmnet,lda2
rf,lda2
xgbTree,lda2
lda2,lda2
nnet,lda2
glmboost,lda2
lightgbm,lda2
glmnet,nnet
rf,nnet
xgbTree,nnet
lda2,nnet
nnet,nnet
glmboost,nnet
lightgbm,nnet
glmnet,naive_bayes
rf,naive_bayes
xgbTree,naive_bayes
lda2,naive_bayes
nnet,naive_bayes
glmboost,naive_bayes
lightgbm,naive_bayes
glmnet,glmboost
rf,glmboost
xgbTree,glmboost
lda2,glmboost
nnet,glmboost
glmboost,glmboost
lightgbm,glmboost
glmnet,hdda
rf,hdda
xgbTree,hdda
lda2,hdda
nnet,hdda
glmboost,hdda
lightgbm,hdda
glmnet,bayesglm
rf,bayesglm
xgbTree,bayesglm
lda2,bayesglm
nnet,bayesglm
glmboost,bayesglm
lightgbm,bayesglm
glmnet,lightgbm
rf,lightgbm
xgbTree,lightgbm
lda2,lightgbm
nnet,lightgbm
glmboost,lightgbm
lightgbm,lightgbm
